Name,Slug,Collection ID,Item ID,Archived,Draft,Created On,Updated On,Published On,Date,PDF,Content,Thumbnail,Author,Gallery
April 2024 Newsletter,april-2024-newsletter,65e60b49424066470c920d78,660c7c155cacab4d21972def,false,false,Tue Apr 02 2024 21:43:49 GMT+0000 (Coordinated Universal Time),Thu Jul 17 2025 14:24:24 GMT+0000 (Coordinated Universal Time),Thu Jul 17 2025 15:41:20 GMT+0000 (Coordinated Universal Time),Mon Apr 01 2024 00:00:00 GMT+0000 (Coordinated Universal Time),https://cdn.prod.website-files.com/637e82335616ba47c774e6bc/660c7b52ad08a6bddf47fc24_April%20Newsletter.pdf,"<h3 id="""">Spring Into Action This April at Gardens on Quail!</h3><p id="""">As we welcome the blooming flowers and warmer days of April, Gardens on Quail is buzzing with excitement and a fantastic lineup of events. From the start of the baseball season to our delightful ""Springtime in Paris"" week, there's something for everyone to enjoy. So, put on your spring attire, gather your friends, and let's make this month unforgettable!</p><h3 id=""""><strong id="""">Upcoming Events</strong></h3><p id=""""><strong id="""">Rockies Opening Day Party</strong></p><ul id=""""><li id=""""><strong id="""">Date:</strong> April 5th</li><li id=""""><strong id="""">Time:</strong> 1:30 pm</li></ul><p id="""">Celebrate the start of the baseball season with your community at our Rockies Opening Day Party! It's the perfect occasion to enjoy the game, mingle with fellow residents, and indulge in some baseball-themed snacks.</p><p id=""""><strong id="""">Solar Eclipse Party</strong></p><ul id=""""><li id=""""><strong id="""">Date:</strong> April 8th</li><li id=""""><strong id="""">Time:</strong> 12:30 pm</li></ul><p id="""">Join us for a mesmerizing <a href=""https://science.nasa.gov/eclipses/future-eclipses/eclipse-2024/where-when/"" id="""">Solar Eclipse</a> Party. Experience this astronomical event with your neighbors, equipped with safe viewing glasses and guided by experts.</p><p id=""""><strong id="""">Employee Appreciation Week</strong></p><ul id=""""><li id=""""><strong id="""">Dates:</strong> April 15th - 19th</li></ul><p id="""">A week-long celebration to honor the hard work and dedication of our staff. It's our way of saying thank you for their continual efforts in making Gardens on Quail a warm and welcoming place.</p><p id=""""><strong id="""">Memory Care Lunch Outing to Randy's Pizza</strong></p><ul id=""""><li id=""""><strong id="""">Date:</strong> April 16th</li><li id=""""><strong id="""">Time:</strong> 11:30 am</li></ul><p id="""">Our <a href=""/living-options/memory-care"" id="""">Memory Care</a> residents are invited for a delightful lunch outing at <a href=""https://www.randispizza.com/"" id="""">Randy's Pizza</a>. It's a great opportunity for a change of scenery and to enjoy some delicious pizza.</p><p id=""""><strong id="""">AL/IL Outing to Black Hawk</strong></p><ul id=""""><li id=""""><strong id="""">Date:</strong> April 17th</li><li id=""""><strong id="""">Time:</strong> 10:30 am - 2:00 pm</li></ul><p id="""">A fun excursion to <a href=""https://www.cityofblackhawk.org/"" id="""">Black Hawk</a> is planned for our <a href=""/living-options/assisted-living-2"" id="""">Assisted Living</a> and <a href=""/living-options/independent-living"" id="""">Independent Living</a> residents. Remember to sign up at the desk by April 15th to join in on the adventure.</p><p id=""""><strong id="""">""Springtime in Paris"" Week</strong></p><ul id=""""><li id=""""><strong id="""">Dates:</strong> April 22nd - 26th</li></ul><p id="""">Immerse yourself in the charm of Paris this spring without leaving our community. Enjoy a week filled with French-inspired events, activities, and cuisine.</p><h3 id=""""><strong id="""">Dementia Support Group</strong></h3><ul id=""""><li id=""""><strong id="""">Date:</strong> May 7th</li><li id=""""><strong id="""">Time:</strong> 4:00 pm</li></ul><p id="""">Facilitated by our Regional <a href=""https://www.gardensonquail.com/team/marci-gerke"" id="""">Memory Care Director, Marci Gerke</a>, this group offers a space for support, advice, and shared experiences for those caring for loved ones with dementia.</p><h3 id=""""><strong id="""">Welcome New Residents</strong></h3><p id="""">A warm welcome to Kenneth Zeitlow, Ann Wilson, Hugh and Monica Norwood, Myra Salbato, and Barbara Hufford. We're excited to have you join our community!</p><h3 id=""""><strong id="""">Employee Appreciation: Quail Cash</strong></h3><p id="""">Remember to show your appreciation to our staff with ""Quail Cash,"" which they can redeem for various prizes, including a paid day off.</p><h3 id=""""><strong id="""">Employee of the Month</strong></h3><p id="""">Congratulations to Barry Borden, our April Employee of the Month! Barry's positive energy and team spirit are truly inspiring to us all.</p><h3 id=""""><strong id="""">April Birthdays</strong></h3><p id="""">Join us in celebrating the birthdays of our residents and staff. From Stan Wilkes and Louise Hardesty to our staff members Jennie Dreiling and Doreen Culhane, let's make their special days memorable.</p><p id="""">‚Äç</p>",https://cdn.prod.website-files.com/637e82335616ba47c774e6bc/660c7b4e6eb00d9fe4c686ad_April%20Newsletter.avif,mariah-ruell,
April 25 Newsletter ,april-25-newsletter,65e60b49424066470c920d78,67f545b2d116cb87292c8a18,false,false,Tue Apr 08 2025 15:50:10 GMT+0000 (Coordinated Universal Time),Tue Apr 08 2025 15:50:10 GMT+0000 (Coordinated Universal Time),Tue Jun 10 2025 13:56:34 GMT+0000 (Coordinated Universal Time),Tue Apr 01 2025 00:00:00 GMT+0000 (Coordinated Universal Time),https://cdn.prod.website-files.com/637e82335616ba47c774e6bc/67f54459d9370a6e6986999a_April%202025%20Newsletter.pdf,"<h1 id="""">Spring into April at Gardens on Quail!</h1><p id=""""><em id="""">Welcome to our April newsletter where community, creativity, and connection bloom!</em></p><h2 id="""">Celebrating Our Community Stars</h2><p id="""">This month, we're thrilled to spotlight <strong id="""">Lindsey Reed</strong>, our exceptional evening cook in the dining department. Lindsey's passion for ""service with a smile"" and willingness to embrace new challenges makes her an invaluable team member. Her dedication shines through as she supports both residents and staff. Thank you, Lindsey, for making every meal special!</p><h2 id="""">April Birthdays</h2><p id="""">We're celebrating several special birthdays this month:</p><ul id=""""><li id="""">Carrie Louise H. - 4th</li> <li id="""">Ruth Ann S. - 9th</li> <li id="""">Bruce D. - 12th</li> <li id="""">Elizabeth W. - 15th</li> <li id="""">Loyd Blaine H. - 20th</li> <li id="""">James G. - 27th</li> <li id="""">Stuart O. - 29th</li> <li id="""">Donald J. - 30th</li></ul><p id="""">Join us in wishing them a wonderful celebration!</p><h2 id="""">Community Connections</h2><p id="""">Our community thrives on connection! Ladies, join us for Coffee Klatch every Tuesday morning at 9:30am in the Private Dining Room. Gentlemen, our Brew Buds Men's Club meets every Monday at 4pm in the Private Dining Room.</p><h2 id="""">Creativity Corner</h2><p id="""">April brings exciting creative opportunities:</p><ul id=""""><li id=""""><strong id="""">Dreamcatcher Workshop</strong> with Vera on Friday, April 18th at 1:30pm</li><li id=""""><strong id="""">Glass Bead Art Project</strong> with Vera on Friday, April 25th at 1:30pm</li><li id=""""><strong id="""">Jewelry Making with Marilyn</strong> returns on Wednesday, April 16th at 2pm</li></ul><p id="""">All creative sessions take place in Town Center!</p><h2 id="""">Making a Difference</h2><p id="""">Help us make a positive impact in our community:</p><ul id=""""><li id="""">Assist with painting mini houses for our courtyard model railroad (April 9th and 16th at 11am)</li><li id="""">Join our lunch bag decoration session for people in need (Saturday, April 12th at 1:30pm)</li><li id="""">Help fill lunch bags for distribution (Saturday, April 19th at 1:30pm)</li></ul><h2 id="""">Musical Entertainment</h2><p id="""">Every Friday at 3pm, unwind at our Happy Hour featuring tasty treats, refreshing drinks, and live music! This month's performers include:</p><ul id=""""><li id="""">April 4th: Rick Chinisci and Charlie Duo</li><li id="""">April 11th: Dino on Drums</li><li id="""">April 18th: Roz Brown</li><li id="""">April 25th: Leonard Barrett</li></ul><h2 id="""">Adventures Await</h2><p id="""">Our April outings calendar is packed with excitement:</p><ul id=""""><li id="""">Wednesday, April 2nd: Shopping at ARC Thrift Store (1:30pm)</li><li id="""">Thursday, April 17th: Lunch at Amici's Pizzeria (11am)</li><li id="""">Wednesday, April 23rd: Shopping at Homestead Antiques Mall (1:30pm)</li><li id="""">Thursday, April 24th: Lunch at Kona Hawaiian BBQ (11am)</li><li id="""">Wednesday, April 30th: Memory Care trip to Breadwinners (11am)</li></ul><h2 id="""">Movie Nights</h2><p id="""">We've expanded our movie offerings this month! Stop by the front desk to pick up the complete movie schedule, including our new Wednesday night documentary series.</p><p>‚Äç</p>",https://cdn.prod.website-files.com/637e82335616ba47c774e6bc/67f544d73c348903ef19dd4d_Page%201.webp,mariah-ruell,https://cdn.prod.website-files.com/637e82335616ba47c774e6bc/67f54593d9d24922a7aff5e3_gallery1.webp; https://cdn.prod.website-files.com/637e82335616ba47c774e6bc/67f545933f309a292618468a_gallery2.webp; https://cdn.prod.website-files.com/637e82335616ba47c774e6bc/67f545936bb1dc8ce924452f_gallery3.webp
December 2023 Newsletter,december-2023-newsletter,65e60b49424066470c920d78,65e73128a23f5add89cdf1e2,false,false,Tue Mar 05 2024 14:50:16 GMT+0000 (Coordinated Universal Time),Thu Jul 17 2025 14:25:02 GMT+0000 (Coordinated Universal Time),Thu Jul 17 2025 15:41:20 GMT+0000 (Coordinated Universal Time),Fri Dec 01 2023 00:00:00 GMT+0000 (Coordinated Universal Time),https://cdn.prod.website-files.com/637e82335616ba47c774e6bc/65e730ddeeb73e0ca30fc080_December%20Newsletter%20(1).pdf,"<h2 id=""""><strong id="""">December Newsletter: The Gardens on Quail</strong></h2><p id=""""><strong id="""">Upcoming Events:</strong></p><ul><li id="""">December 2: Music With Dino, 2:30 pm</li><li id="""">December 5: Meet &amp; Greet with EmpowerMe Therapy, 2:00 pm</li><li id="""">December 12: Christmas Tea Party, 2:30 pm</li><li id="""">December 13: Blanket Making for a Cause, 1:30 pm</li><li id="""">December 17: Christmas Orchestra, 6:30 pm</li><li id="""">December 20: Cookie Social with Santa, 2:00 pm</li></ul><p id=""""><strong id="""">Resident Birthdays:</strong></p><ul id=""""><li id="""">December 5: Jo Moran</li><li id="""">December 13: Joan Tipton</li><li id="""">December 20: Joan Washburn</li><li id="""">December 22: James Echtermeyer</li><li id="""">December 26: John Fielder</li><li id="""">December 28: Assunta DeVito</li></ul><p id=""""><strong id="""">Staff Birthdays:</strong></p><ul id=""""><li id="""">December 8: Lisa Garcia, Jaelyssa Apodaca</li><li id="""">December 12: Trevor Harwood</li><li id="""">December 15: Melissa Rapp, Solomon Lauro</li><li id="""">December 24: Marc Ekberg</li><li id="""">December 30: Aundraya Lewis</li></ul><p id=""""><strong id="""">Special Thanks:</strong></p><p id=""""><strong id="""">‚Äç</strong>As the holiday season approaches, we express our gratitude for your trust in The Gardens on Quail. While we uphold a no-tipping policy, we acknowledge our employees' commitment and invite contributions to the Employee Holiday Fund. Kindly make checks payable to ""The Gardens on Quail,"" noting ""Employee Holiday Fund"" in the memo, and submit them at the front desk by December 31, 2023. Your generosity directly appreciates our team's dedication.</p><p id=""""><strong id="""">Holiday Employee Fund:</strong></p><p id=""""><strong id="""">‚Äç</strong>Join us for the Christmas meal on December 22, 12 pm, in the Memory and main dining rooms. Family members are welcome at $25 per guest. Please RSVP by December 17.</p><p id=""""><strong id="""">Welcome New Residents:</strong></p><p id=""""><strong id="""">‚Äç</strong>Linda Bouffard and Dennis Seabourn</p><p id=""""><strong id="""">Community Engagement:</strong></p><p id=""""><strong id="""">‚Äç</strong>Our heartfelt thanks to everyone who participated in the Thanksgiving meal, especially the Northglenn Baseball Team volunteers. We're adopting families this holiday season to support Crisalida Inc., aiding communities affected by trauma and domestic violence. Join us by selecting a gift tag from the tree in our foyer to fulfill their wishes.</p><p><strong id="""">Adopt A Family</strong></p><p id="""">As part of our ongoing effort to serve our community we are adopting a few families for theHoliday Season. We have a tree with gift tags In the foyer. Please feel free to help us fulfill the families gift list. We are supporting the organization Crisalida Inc who support underserved communities that are facing trauma and domestic violence. </p><p>‚Äç</p><p>‚Äç</p><p id="""">‚Äç</p>",https://cdn.prod.website-files.com/637e82335616ba47c774e6bc/65e730da66ac04e5e6bd6ca7_DecemberNewsletter1-pdf-ezgif.com-resize.avif,mariah-ruell,
December 24 Newsletter,december-24-newsletter,65e60b49424066470c920d78,6757501c09351d03e02b2de2,false,false,Mon Dec 09 2024 20:16:28 GMT+0000 (Coordinated Universal Time),Thu Jul 17 2025 14:21:42 GMT+0000 (Coordinated Universal Time),Thu Jul 17 2025 15:41:20 GMT+0000 (Coordinated Universal Time),Sun Dec 01 2024 00:00:00 GMT+0000 (Coordinated Universal Time),https://cdn.prod.website-files.com/637e82335616ba47c774e6bc/67574f20a80b9445208e681b_December%20Newsletter-compressed.pdf,"<p id="""">The holiday season is a magical time, and we at Gardens on Quail have an incredible lineup of festive events to bring joy, connection, and cheer to our community! From dazzling performances to heartwarming traditions, there's something for everyone to enjoy this December.</p><h4 id="""">üéÅ <strong id="""">December Events to Remember</strong></h4><ul id=""""><li id=""""><strong id="""">December 2nd, 3:00 PM</strong>: <em id="""">Curious Dragon Presentation: The Path of Polar Bears</em> üêª‚Äç‚ùÑÔ∏è</li><li id=""""><strong id="""">December 4th, 1:30 PM</strong>: <em id="""">Neighborhood Tree Decorating</em> üéÑ</li><li id=""""><strong id="""">December 5th, 2:30 PM</strong>: <em id="""">Rockyettes Performance</em> üåü</li><li id=""""><strong id="""">December 7th, 1:30 PM</strong>: <em id="""">Swing Band Performance</em> üé∑</li><li id=""""><strong id="""">December 13th, 2:00 PM</strong>: <em id="""">Staff and Resident Holiday Party</em> ü•≥</li><li id=""""><strong id="""">December 16th, 1:30 PM</strong>: <em id="""">Santa‚Äôs Visit and Dino‚Äôs Holiday Show</em> üéÖüé§</li><li id=""""><strong id="""">December 23rd, 2:30 PM</strong>: <em id="""">Original Dickens Carolers</em> üé∂</li><li id=""""><strong id="""">December 24th</strong>:<ul id=""""><li id=""""><em id="""">7:30 AM - 10:00 AM</em>: <em id="""">Family Christmas Breakfast</em> üç≥<br>Bring your loved ones for a delightful morning meal at our town center! Guest tickets are $18; RSVP by December 18th.</li><li id=""""><em id="""">2:00 PM</em>: <em id="""">Polar Express Movie &amp; Hot Cocoa</em> ‚òïüé•</li></ul></li><li id=""""><strong id="""">December 25th, 3:00 PM</strong>: <em id="""">Christmas Bingo with Hot Cocoa</em> üéÖüé≤</li><li id=""""><strong id="""">December 31st</strong>:<ul id=""""><li id=""""><em id="""">11:30 AM</em>: <em id="""">‚ÄúNoon‚Äù Years Eve Party</em> ü•Ç</li><li id=""""><em id="""">6:15 PM</em>: <em id="""">New Year‚Äôs Eve Happy Hour</em> üç∏</li></ul></li></ul><h4 id="""">üéÇ <strong id="""">Resident Birthdays</strong></h4><p id="""">Join us in celebrating this month‚Äôs resident birthdays:</p><ul id=""""><li id="""">Joan M. (Dec 5)</li><li id="""">Mary &amp; Diane F. (Dec 8)</li><li id="""">Philip K. (Dec 18)</li><li id="""">Joan W. (Dec 20)</li><li id="""">John F. (Dec 26)</li><li id="""">Richard &amp; Larry M. (Dec 29)</li></ul><h4 id="""">üåü <strong id="""">Employee Spotlight</strong></h4><p id="""">Congratulations to Abby, our Employee of the Month! Abby‚Äôs exceptional dedication to providing top-notch dining experiences has truly brightened our residents‚Äô days. Thank you, Abby, for going above and beyond!</p><h4 id="""">üéÑ <strong id="""">Giving Tree Initiative</strong></h4><p id="""">This December, we‚Äôre supporting <em id="""">Cris√°lida</em>, an organization providing resources and support for individuals facing trauma, domestic violence, and abuse. Visit our Giving Tree at the front kiosk starting December 1st to participate.</p><h4 id="""">üé∂ <strong id="""">Weekly Happy Hour Performances</strong></h4><p id="""">Every Friday at 3 PM, unwind with live music, tasty treats, and refreshing drinks!</p><ul id=""""><li id="""">December 6th: <em id="""">Rick</em></li><li id="""">December 13th: <em id="""">Leonard</em></li><li id="""">December 20th: <em id="""">Susan Harris</em></li><li id="""">December 27th: <em id="""">Chris</em></li></ul><h4 id="""">üéÖ <strong id="""">Save the Date</strong>: Christmas Eve Breakfast</h4><p id="""">We‚Äôre thrilled to invite families for a special Christmas Eve Breakfast on December 24th, 7:30 - 10:00 AM. Tickets are $18‚ÄîRSVP by December 18th at the front desk.</p><p id="""">Join us for a holiday season to remember at Gardens on Quail, where community and cheer shine brightest!</p><p>‚Äç</p>",https://cdn.prod.website-files.com/637e82335616ba47c774e6bc/67574f9c982a4377eeb94e16_Decemberthumb.avif,mariah-ruell,https://cdn.prod.website-files.com/637e82335616ba47c774e6bc/67575014ba61e79c95830056_gallery1.avif; https://cdn.prod.website-files.com/637e82335616ba47c774e6bc/675750144c228ea8369bc861_gallery2.avif; https://cdn.prod.website-files.com/637e82335616ba47c774e6bc/675750148527e6540d8056af_gallery3.avif
February 2024 Newsletter,february-2024,65e60b49424066470c920d78,65e73d1d4e9695e5afd2f071,false,false,Tue Mar 05 2024 15:41:17 GMT+0000 (Coordinated Universal Time),Thu Jul 17 2025 14:24:41 GMT+0000 (Coordinated Universal Time),Thu Jul 17 2025 15:41:20 GMT+0000 (Coordinated Universal Time),Thu Feb 01 2024 00:00:00 GMT+0000 (Coordinated Universal Time),https://cdn.prod.website-files.com/637e82335616ba47c774e6bc/65e73ce836b1caf268527419_February%20%20%20Newsletter%20(1).pdf,"<p id=""""><strong id="""">As we step into February, Gardens on Quail is brimming with excitement and activities to warm your heart this winter. From our inaugural Men's Breakfast Club to a delightful Girl Scout Cookie Sale, and a special visit from miniature horses, there's something for everyone. Join us in celebrating community spirit, fun events, and meaningful connections throughout the month. </strong></p><p id=""""><strong id="""">Let's make February a month of joy and togetherness!</strong></p><p id=""""><strong id="""">Upcoming Events:</strong></p><ul id=""""><li id="""">February 6, 8:00 am: Men's Breakfast Club - Our inaugural gathering.</li><li id="""">February 7, 3:30 pm: Girl Scout Troop 67389 Cookie Sale.</li><li id="""">February 11, 4:00 pm: Super Bowl Party.</li><li id="""">February 13, 10:00 am: Miniature Horse Visit.</li><li id="""">February 14, 6:00 pm: SheElvis Performance.</li><li id="""">February 21, 1:30 pm: Mary Kay Piano Performance.</li><li id="""">February 26, 1:30 pm: Gardens on Quail Pie Bake-Off.</li></ul><p id=""""><strong id="""">Family Support Group:</strong></p><p id=""""><strong id="""">‚Äç</strong>At the Gardens on Quail, we understand the challenges and emotions involved in supporting a loved one with dementia. We're excited to offer a support group for families and friends, providing a space for sharing, learning, and connecting. Topics will include coping mechanisms, understanding dementia progression, and effective communication strategies. Join us every other Friday at 1 PM in the chapel to find support and understanding in a compassionate community.</p><p id=""""><strong id="""">Welcome New Residents:</strong></p><ul id=""""><li id="""">Joan Scott</li><li id="""">Joyce Lybargee</li><li id="""">James Konrad</li></ul><p id=""""><strong id="""">Gardens on Quail Pie Bake-Off:</strong></p><p id=""""><strong id="""">‚Äç</strong>Join us on February 26 for our neighborhood and staff Pie Bake-Off! Your presence and palate are requested at 1:30 pm in the town center to help judge and pick the winning pie.</p><p id=""""><strong id="""">Thank You:</strong></p><p id=""""><strong id="""">‚Äç</strong>A heartfelt thanks to everyone who contributed supplies for The Family Tree bags. Our MLK project positively impacted 40 individuals experiencing homelessness.</p><p id=""""><strong id="""">Resident Birthdays:</strong></p><ul id=""""><li id="""">February 3: Allen Christner</li><li id="""">February 6: Armalee Axmacher and Mary Wood</li><li id="""">February 8: Marlene Zimmerman</li><li id="""">February 14: Timothy Adams and Anita Jennison</li><li id="""">February 17: Frank Leonard</li><li id="""">February 29: Ruth Kaufman</li></ul><p id=""""><strong id="""">Staff Birthdays:</strong></p><ul id=""""><li id="""">February 2: Keiry Castelan</li><li id="""">February 6: Leisel Strahm</li><li id="""">February 8: Belicia Peters</li></ul><p id="""">‚Äç</p>",https://cdn.prod.website-files.com/637e82335616ba47c774e6bc/65e73da6bee74e83351b5495_FebruaryNewsletter1-pdf-ezgif.com-resize%20(1).avif,mariah-ruell,
February 25 Newsletter,february-25-newsletter,65e60b49424066470c920d78,67aa30ac61f5a26d6582eaa1,false,false,Mon Feb 10 2025 17:00:28 GMT+0000 (Coordinated Universal Time),Mon Feb 10 2025 17:00:28 GMT+0000 (Coordinated Universal Time),Tue Jun 10 2025 13:56:34 GMT+0000 (Coordinated Universal Time),Sat Feb 01 2025 00:00:00 GMT+0000 (Coordinated Universal Time),https://cdn.prod.website-files.com/637e82335616ba47c774e6bc/67aa2ef6a35c6f2a2ed4455a_February%20Newsletter-compressed.pdf,"<h3 id=""""><strong id="""">Love, Laughter, and Lots of Fun! üå∑</strong></h3><p id="""">February is here, and we‚Äôre ready to celebrate love, community, and exciting events all month long at <strong id="""">Gardens on Quail!</strong> From delicious Valentine‚Äôs treats to Super Bowl festivities, there‚Äôs something for everyone to enjoy.</p><h3 id=""""><strong id="""">üéâ Resident Birthdays ‚Äì Let‚Äôs Celebrate!</strong></h3><p id="""">A very <strong id="""">HAPPY BIRTHDAY</strong> to our wonderful residents! üéÇ</p><p id="""">üéà <strong id="""">Mary W. &amp; Ann M. ‚Äì February 6</strong><br>üéà <strong id="""">Tony K. ‚Äì February 7</strong><br>üéà <strong id="""">Marlene Z. ‚Äì February 8</strong></p><p id="""">We hope your day is filled with love, joy, and, of course, cake!</p><h3 id=""""><strong id="""">üåü Employee of the Month: Anahi</strong></h3><p id="""">This month, we are thrilled to recognize <strong id="""">Anahi</strong> as our <strong id="""">Employee of the Month!</strong> Her kindness, positive energy, and dedication make Gardens on Quail a brighter place for everyone. Whether assisting with care, leading activities, or helping in the dining room, Anahi always goes above and beyond. <strong id="""">Thank you, Anahi, for all that you do!</strong></p><h3 id=""""><strong id="""">üéä Exciting Events This February!</strong></h3><p id="""">üìÖ <strong id="""">Men‚Äôs Coffee Klatch</strong> ‚òï ‚Äì <strong id="""">Every Tuesday at 9:30 AM | Private Dining Room</strong><br>A great way to start your morning, meet fellow residents, and get to know our new <strong id="""">Activities Director, Conor Smallwood!</strong></p><p id="""">üç∑ <strong id="""">Happy Hour ‚Äì Now with Appetizers!</strong> ‚Äì <strong id="""">Every Friday at 3 PM</strong><br>Enjoy a refreshing drink, a delicious spread of appetizers, and live entertainment!</p><p id="""">üé§ <strong id="""">Live Music Schedule for Happy Hour:</strong><br>üé∏ <strong id="""">February 7th</strong> ‚Äì Rick Chinisci &amp; Charlie<br>üé∂ <strong id="""">February 14th</strong> ‚Äì Dino<br>üéª <strong id="""">February 21st</strong> ‚Äì Kaleidoscope Music Studio<br>üéπ <strong id="""">February 28th</strong> ‚Äì Piano with Scott Hackler</p><p id="""">‚ù§Ô∏è <strong id="""">Valentine‚Äôs Tea Party</strong> ‚Äì <strong id="""">Tuesday, February 11 | 2:30 PM | Town Center</strong><br>Join us for an afternoon of <strong id="""">tea, sweet treats, and delightful company</strong> as we celebrate love and friendship!</p><p id="""">üèà <strong id="""">Super Bowl Sunday Party!</strong> ‚Äì <strong id="""">Sunday, February 11</strong><br>Cheer on your favorite team as the <strong id="""">Philadelphia Eagles</strong> take on the <strong id="""">Kansas City Chiefs!</strong> Enjoy a game-day feast, including <strong id="""">mocktails, wings, homemade chips, dips, and more!</strong></p><p id="""">üçï <strong id="""">Lunch Outing to Randi‚Äôs Pizza</strong> ‚Äì <strong id="""">Thursday, February 13 | 11 AM</strong><br>Let‚Äôs head out for a tasty lunch together! <strong id="""">Sign up at the front desk.</strong></p><p id="""">üçù <strong id="""">Valentine‚Äôs Pasta Bar Lunch</strong> ‚Äì <strong id="""">Friday, February 14 | Dining Room</strong><br>Celebrate love with a <strong id="""">delicious pasta lunch,</strong> made with care by our amazing dining team.</p><p id="""">üç™ <strong id="""">Girl Scout Cookie Sale</strong> ‚Äì <strong id="""">Friday, February 14 | 2:30 PM | Bistro</strong><br>A local Girl Scout will be selling cookies‚Äîso don‚Äôt miss your chance to grab your favorite flavors!</p><p id="""">ü•Ø <strong id="""">Tasty Tuesday: Everything Bagels &amp; Cucumber Bites</strong> ‚Äì <strong id="""">Tuesday, February 18 | Town Center</strong><br>Enjoy a <strong id="""">savory and refreshing treat</strong> to brighten your week!</p><h3 id="""">‚Äç</h3>",https://cdn.prod.website-files.com/637e82335616ba47c774e6bc/67aa2fd1216a9284e2b26f9e_Page%201.webp,mariah-ruell,https://cdn.prod.website-files.com/637e82335616ba47c774e6bc/67aa30a6f96ec6fbef77873e_1all.webp; https://cdn.prod.website-files.com/637e82335616ba47c774e6bc/67aa30a6422b97cb7f1ac09d_2all.webp; https://cdn.prod.website-files.com/637e82335616ba47c774e6bc/67aa30a674787a9771a7e512_3all.webp
January 2024 Newsletter,january-2024-newsletter,65e60b49424066470c920d78,65e73bb06ae809f67fda9aca,false,false,Tue Mar 05 2024 15:35:12 GMT+0000 (Coordinated Universal Time),Thu Jul 17 2025 14:24:47 GMT+0000 (Coordinated Universal Time),Thu Jul 17 2025 15:41:20 GMT+0000 (Coordinated Universal Time),Mon Jan 01 2024 00:00:00 GMT+0000 (Coordinated Universal Time),https://cdn.prod.website-files.com/637e82335616ba47c774e6bc/65e73a5e06b15823e837b4c3_January%20%20Newsletter%20(1).pdf,"<p id=""""><strong id="""">We are immensely grateful for your spirited participation during the holiday season, making it memorable at Gardens on Quail. We hope your time was filled with joy and love. </strong></p><p id=""""><strong id="""">Wishing you all a prosperous 2024!</strong></p><p id=""""><strong id="""">Special Thanks &amp; Happy New Year!</strong>We are immensely grateful for your spirited participation during the holiday season, making it memorable at The Gardens on Quail. We hope your time was filled with joy and love. Wishing you all a prosperous 2024!</p><p id=""""><strong id="""">Upcoming Events:</strong></p><ul id=""""><li id="""">January 8:Elvis Performance, 3:00 pm</li><li id="""">Podiatrist for ancillary services, 9:30 am - 1:00 pm</li><li id="""">January 10: Dallas Make-up Christmas Meal, 12:00 pm</li><li id="""">January 11: New Resident Lunch, 12:00 pm</li></ul><p id=""""><strong id="""">Resident Birthdays:</strong></p><ul id=""""><li id="""">January 10: Phillip Cedillo</li><li id="""">January 12: Arlene Kracl and Gerda Gyori</li></ul><p id=""""><strong id="""">Staff Birthdays:</strong></p><ul id=""""><li id="""">January 2: Alicia Sanchez and Amila Bico</li><li id="""">January 7: Alicia A Sanchez</li><li id="""">January 15: Maria Gallegos</li><li id="""">January 18: Sara Elkins</li><li id="""">January 26: Natalia Alvarez</li></ul><p id=""""><strong id="""">MLK Service Project Donations:</strong></p><p id=""""><strong id="""">‚Äç</strong>Join us in our community service project on MLK Day, January 15. We're collecting donations to support those experiencing homelessness. We're in need of items like socks, toothbrushes and paste, deodorant, hats, gloves, hand warmers, and granola bars. Please bring your contributions to the front desk by January 12.</p><p id=""""><strong id="""">Welcome New Residents:</strong></p><ul id=""""><li id="""">Paula Neumann</li><li id="""">Lou Svoboda</li><li id="""">Sharlene Leslie</li><li id="""">Ilhamy Iskander</li></ul><p id=""""><strong id="""">A Heartfelt Thank You:</strong></p><p id=""""><strong id="""">‚Äç</strong>Our deepest appreciation goes out to everyone who supported the Crisalida Inc. Adopt A Family Giving Tree. Your generosity made a significant difference, providing seven families with a joyful Christmas, complete with toys and a festive meal.</p><p id="""">‚Äç</p>",https://cdn.prod.website-files.com/637e82335616ba47c774e6bc/65e73a61df64f01b053076f3_JanuaryNewsletter1-pdf-ezgif.com-resize.avif,mariah-ruell,
January 25 Newsletter,january-25-newsletter,65e60b49424066470c920d78,67730eee0341c194683dd919,false,false,Mon Dec 30 2024 21:21:50 GMT+0000 (Coordinated Universal Time),Mon Dec 30 2024 21:41:51 GMT+0000 (Coordinated Universal Time),Tue Jun 10 2025 13:56:34 GMT+0000 (Coordinated Universal Time),Wed Jan 01 2025 00:00:00 GMT+0000 (Coordinated Universal Time),https://cdn.prod.website-files.com/637e82335616ba47c774e6bc/677310786e79a4569b32cb7f_January%20Newsletter%20(2)-compressed.pdf,"<p id="""">As we step into 2025, Gardens on Quail is buzzing with activities to keep our community vibrant, engaged, and connected! From live music to creative workshops, there‚Äôs something for everyone to enjoy. Here‚Äôs a sneak peek into what‚Äôs happening this month:</p><h4 id="""">üé∂ <strong id="""">A Night with the King ‚Äì January 8th at 6:00 PM</strong></h4><p id="""">Get ready to rock ‚Äòn‚Äô roll! Join us for an electrifying performance by Elvis himself (or the next best thing). Gather your friends and neighbors for an evening of music, dancing, and nostalgia that‚Äôll have you singing along all night long.</p><h4 id="""">üé® <strong id="""">Arts &amp; Crafts ‚Äì Mondays at 1:30 PM</strong></h4><p id="""">Channel your creativity and build meaningful connections! Every Monday, join us for fun arts and crafts sessions that let you express yourself while bonding with your neighbors. Let‚Äôs make something beautiful together.</p><h4 id="""">‚òï <strong id="""">Coffee &amp; Conversation ‚Äì Tuesdays at 9:30 AM</strong></h4><p id="""">Start your Tuesdays with a warm cup of coffee and even warmer conversations. Whether it‚Äôs catching up with friends or making new ones, this is the perfect way to kick off your day.</p><h4 id="""">‚ô†Ô∏è <strong id="""">Game Nights ‚Äì Tuesdays at 6:15 PM</strong></h4><p id="""">Looking for some friendly competition? Swing by Cinnamon for self-led card and board games. It‚Äôs a great way to relax, unwind, and enjoy quality time with your neighbors.</p><h4 id="""">ü§î <strong id="""">Wacky Word Games ‚Äì Wednesdays at 11:00 AM</strong></h4><p id="""">Laughter is guaranteed at our Wacky Word Games! Get creative, test your wits, and have a blast with your friends. Don‚Äôt miss this midweek pick-me-up!</p><h4 id="""">üèãÔ∏è <strong id="""">EmpowerME Wellness Discussions ‚Äì Thursdays at 11:00 AM (Starting January 9th)</strong></h4><p id="""">Let‚Äôs talk health, fitness, and wellness! Join EmpowerME for insightful discussions that‚Äôll inspire you to live your best life. A healthier you starts here.</p><h4 id="""">üå∫ <strong id="""">Flower Arranging ‚Äì Fridays at 11:15 AM</strong></h4><p id="""">Brighten up our facility with your artistic touch! Join us to create stunning floral centerpieces that add a touch of elegance to our community.</p><h4 id="""">üí™ <strong id="""">Saturday Workouts ‚Äì Saturdays at 10:00 AM</strong></h4><p id="""">Let‚Äôs kickstart the weekend with some fun and fitness! Join our friendly exercise classes to stay active, energized, and ready for whatever the weekend brings.</p><h3 id=""""><strong id="""">Celebrate with Us!</strong></h3><p id="""">Raise a toast to Debbie, our January Employee of the Month! Her positivity, professionalism, and dedication make her an invaluable part of our team. Congratulations, Debbie!</p><p id="""">Let‚Äôs make 2025 a year to remember. Check your calendar for more<a href=""/our-community/activities""> exciting activities</a> ‚Äì there‚Äôs something for everyone, and we‚Äôd love to see you there! Together, let‚Äôs embrace the new year with joy, laughter, and plenty of cherished moments.</p><p>‚Äç</p>",https://cdn.prod.website-files.com/637e82335616ba47c774e6bc/677310c983e90917f57d12c1_Page%201.webp,mariah-ruell,https://cdn.prod.website-files.com/637e82335616ba47c774e6bc/677312150341c1946840d636_1.webp; https://cdn.prod.website-files.com/637e82335616ba47c774e6bc/67731215e0451f713b6696de_2.webp; https://cdn.prod.website-files.com/637e82335616ba47c774e6bc/67731215b4ecaf963da2b7d5_3.webp; https://cdn.prod.website-files.com/637e82335616ba47c774e6bc/67731215582a68396e46c837_4.webp
July 2024 Newsletter,july-2024-newsletter,65e60b49424066470c920d78,667c3eabbfe7fed73868154d,false,false,Wed Jun 26 2024 16:15:39 GMT+0000 (Coordinated Universal Time),Thu Jul 17 2025 14:23:15 GMT+0000 (Coordinated Universal Time),Thu Jul 17 2025 15:41:20 GMT+0000 (Coordinated Universal Time),Mon Jul 01 2024 00:00:00 GMT+0000 (Coordinated Universal Time),https://cdn.prod.website-files.com/637e82335616ba47c774e6bc/667c3c8b219b9df821f7f0cd_July%20Newsletter.pdf,"<p id="""">This month is packed with exciting events, special celebrations, and heartwarming welcomes at Gardens on Quail. Dive into the highlights and join us in making this summer memorable.</p><h3 id=""""><strong id="""">Employee of the Month</strong></h3><p id=""""><strong id="""">‚Äç</strong>Congratulations to Rickden Tsering, our Employee of the Month for July! Rickden's humble kindness and readiness to help wherever needed make him an invaluable member of our community. Our residents and staff wholeheartedly appreciate you, Rickden!</p><h3 id=""""><strong id="""">Upcoming Events</strong>‚Äç</h3><p id=""""><strong id="""">Patriotic Show with Dino</strong></p><p id="""">Date: July 3rd<br>Time: 2:00 pm<br>Celebrate the spirit of Independence Day with a patriotic show by Dino.<br>‚Äç</p><p id=""""><strong id="""">Fourth of July Parade</strong></p><p id="""">Date: July 4th<br>Time: 10:00 am<br>Join us for a festive Fourth of July parade.<br>‚Äç</p><p id=""""><strong id="""">Summer Tea Party</strong></p><p id="""">Date: July 10th<br>Time: 2:00 pm<br>Enjoy a delightful afternoon tea party to celebrate summer.<br>‚Äç</p><p id=""""><strong id="""">Meet and Greet with EmpowerMe</strong></p><p id="""">Date: July 11th<br>Time: 1:30 pm<br>Get to know the EmpowerMe team during this casual meet and greet.<br>‚Äç</p><p id=""""><strong id="""">Summer Luau Fundraiser</strong></p><p id="""">Date: July 26th<br>Time: 1:30 pm - 2:00 pm<br>Mark your calendars for our second annual Alzheimer's Luau event. Enjoy a Hawaiian BBQ and a captivating performance by Tehani's Hula Colorado. Tickets are $35 for guests, with all proceeds benefiting our Alzheimer's Association Fundraiser. Kindly RSVP by July 16th.<br>‚Äç</p><p id=""""><strong id="""">July Birthdays Celebration</strong></p><p id="""">Date: July 31st<br>Time: 3:00 pm<br>Join us in celebrating the birthdays of our wonderful residents.<br>‚Äç</p><h3 id=""""><strong id="""">Welcome New Residents</strong>‚Äç</h3><p id="""">A warm welcome to our newest community members: Carmen Bednarz, Mary Ann Thompson, and Emilie Arnold. We are thrilled to have you with us!</p><h3 id=""""><strong id="""">Warm Welcome to Our New Executive Director and Nurse</strong>‚Äç</h3><p id="""">We are excited to welcome Mariah Ruell as our new Executive Director and Rick Wathen as our new Director of Health and Wellness. Your presence will surely enhance the Gardens on Quail community even further!</p><h3 id=""""><strong id="""">Navigating the Journey of Dementia</strong>‚Äç</h3><p id="""">We are offering a class for families, friends, or residents to develop a better understanding of dementia, improve communication, and learn effective approaches to caring for loved ones. Classes are held on Tuesdays from 6 pm to 7:30 pm, starting June 25th and running for five weeks. Please RSVP to Marci Gerke at mgerke@stagesenior.com as we will limit this class to 20 people.</p><p id=""""><strong id="""">Dementia Support Group<br></strong>Date: July 9th<br>Time: 4:00 pm<br>Led by Regional Memory Care Director Marci Gerke, this group provides support, information, and a welcoming environment for those caring for loved ones with dementia.</p><p id="""">Join us for a summer full of joy, community spirit, and heartfelt connections at Gardens on Quail!</p><p id="""">‚Äç</p>",https://cdn.prod.website-files.com/637e82335616ba47c774e6bc/667c3d09e7d3500183317dd0_july.avif,mariah-ruell,https://cdn.prod.website-files.com/637e82335616ba47c774e6bc/667c3e287f40ed5882e5afbf_4-ezgif.com-crop.avif; https://cdn.prod.website-files.com/637e82335616ba47c774e6bc/667c3e288618315fd88d09f0_3-ezgif.com-crop.avif; https://cdn.prod.website-files.com/637e82335616ba47c774e6bc/667c3e28980d623acf12cb9e_2-ezgif.com-crop.avif; https://cdn.prod.website-files.com/637e82335616ba47c774e6bc/667c3e28fe3d58aa6389a5d4_1-ezgif.com-crop.avif
July 25 Newsletter,july-25-n,65e60b49424066470c920d78,6865681c4164bbf8a1487506,false,false,Wed Jul 02 2025 17:10:52 GMT+0000 (Coordinated Universal Time),Thu Jul 17 2025 14:20:27 GMT+0000 (Coordinated Universal Time),Thu Jul 17 2025 15:41:20 GMT+0000 (Coordinated Universal Time),Tue Jul 01 2025 00:00:00 GMT+0000 (Coordinated Universal Time),https://cdn.prod.website-files.com/637e82335616ba47c774e6bc/6865682df892ae086a9855e7_July%202025%20Newsletter%20.pdf,"<p id="""">Fireworks aren‚Äôt the only thing lighting up our skies this month‚ÄîJuly at Gardens on Quail is positively sparkling with celebrations, adventures, and shared moments of joy! From patriotic parades to sock-hop shimmies, there‚Äôs something on the calendar for every resident, family member, and friend to enjoy.</p><h4 id="""">Kick-off: A Star-Spangled Friday (July 4)</h4><p id="""">We‚Äôll salute the red, white, and blue with a <em id="""">wheelchair &amp; walker car-wash</em>, a decorating station, and our colorful <strong id="""">Wheelchair Parade</strong> rolling out at <strong id="""">2 p.m.</strong> Bring your flags, cheer on the marchers, and stay for a front-row seat to Rick Chinisci &amp; Charlie Duo during Happy Hour at 3 p.m.</p><h4 id="""">Carnival Weekend Extravaganza (Saturday, July 5)</h4><p id="""">Step right up for midway-style games, bubble socials, face painting, and classic fair treats. Laughter is guaranteed, prizes are plentiful, and memories are waiting to be made.</p><h4 id="""">Feathered Friends &amp; Scenic Drives</h4><ul id=""""><li><strong id="""">July 8</strong> ‚Äì We officially welcome new residents to our <strong id="""">Aviary</strong>‚Äîwatch as they stretch their wings and make themselves at home.</li><li><strong id="""">July 9</strong> ‚Äì Buckle up for a summertime <strong id="""">scenic drive</strong> through the foothills. Picture windows down, mountain breezes in your hair, and that unmistakable Colorado view.</li><li><strong id="""">July 23</strong> ‚Äì Butterflies beckon! Our trip to the <strong id="""">Butterfly Pavilion</strong> promises fluttering beauty, soft landings, and maybe a caterpillar selfie or two.</li></ul><h4 id="""">Rock Around the Clock: 1950s Sock Hop &amp; Movie Matinee (July 14)</h4><p id="""">Pull on your poodle skirts and saddle shoes‚Äîour retro diner transforms into a <strong id="""">rock-‚Äôn‚Äô-roll dance floor at 1:30 p.m.</strong> Malts, shakes, and jukebox jams included. Finish the afternoon with a ‚ÄúDirty Dancing‚Äù matinee (because nobody puts Quail in a corner).</p><h4 id="""">Creative Corners</h4><ul id=""""><li><strong id="""">Rise &amp; Shine Mondays</strong> ‚Äì Start every week with meditation, garden play, or coffee with neighbors.</li><li><strong id="""">Tasty Tuesdays</strong> ‚Äì Whip up Muddy Buddies (July 15) and Cajun Nut Mix (July 29).</li><li><strong id="""">Creative Music Workshop (July 18, 1:30 p.m.)</strong> ‚Äì Jam with Conor, Chef Bob, and fellow music lovers. Instruments provided‚Äîor bring your own!</li></ul><h4 id="""">Aloha, August-Eve! Hawaiian Luau (July 30)</h4><p id="""">Glowstick exercise at dawn, a tropical buffet at 11 a.m., and authentic Tehani Hula Dancers at 1:30 p.m. Cap it off with our own hula contest and Hawaiian storytelling at 2:30 p.m. Aloha attire encouraged!</p><h3 id="""">Community Spotlight</h3><p id=""""><strong id="""">Employee of the Month: Emily Stevens-Newlon</strong><br>Since April, Emily‚Äôs bright smile has greeted everyone at our front desk. Whether she‚Äôs helping a resident, welcoming a guest, or supporting a teammate, Emily‚Äôs warmth sets the tone for our community. Congratulations, Emily‚Äîyour excellence shines through daily!</p><h4 id="""">Resident &amp; Team Birthdays</h4><p id="""">Join us in sending heartfelt wishes to Julys‚Äô honorees: Emile A. (3rd), Paula N. (9th), Emily Stevens-Newlon (10th), Frene Boyet (13th), Jenelyn Pinney (13th), Jose Guerrero (21st), Barabara Vinzant (22nd), and Suzanne Brodeur (31st).</p><p id="""">Here‚Äôs to fireworks of friendship, sparks of creativity, and sunshine-filled days at Gardens on Quail!</p><p>‚Äç</p>",https://cdn.prod.website-files.com/637e82335616ba47c774e6bc/68656a4dba8750e751577697_July%202025%20Newsletter.webp,mariah-ruell,https://cdn.prod.website-files.com/637e82335616ba47c774e6bc/68656b146e937b844465c177_gallery1.webp; https://cdn.prod.website-files.com/637e82335616ba47c774e6bc/68656b7cf4fe7af9d3e95ee8_gallery2.webp; https://cdn.prod.website-files.com/637e82335616ba47c774e6bc/68656b7f26e807bf52e70dd1_gallery3.webp
June 2024 Newsletter,june-2024-newsletter,65e60b49424066470c920d78,6660ce9b8587d4f6a1a71a09,false,false,Wed Jun 05 2024 20:46:19 GMT+0000 (Coordinated Universal Time),Thu Jul 17 2025 14:23:40 GMT+0000 (Coordinated Universal Time),Thu Jul 17 2025 15:41:20 GMT+0000 (Coordinated Universal Time),Sat Jun 01 2024 00:00:00 GMT+0000 (Coordinated Universal Time),https://cdn.prod.website-files.com/637e82335616ba47c774e6bc/6660cdd63330567a868f64dc_June24%20Newsletter.pdf,"<p id="""">Get ready to dive into a month filled with sunshine, laughter, and exciting events here at the Gardens on Quail! As the days grow longer and warmer, we're thrilled to bring you a lineup of activities and celebrations that are sure to make your summer unforgettable. From our vibrant Health Fair and enchanting Summer Orchestra night to Father's Day festivities and our special Alzheimer's Awareness event, there's something for everyone to enjoy.</p><p id=""""> So grab your sun hats, bring your smiles, and let's make June a month to remember!</p><h3 id="""">Upcoming Events</h3><p id=""""><strong id="""">June 9th: Summer Orchestra</strong></p><ul id=""""><li id=""""><strong id="""">Time:</strong> 6:30 pm</li><li id="""">Enjoy an evening of beautiful music performed by a local orchestra.</li></ul><p id=""""><strong id="""">June 12th: The Gardens on Quail Health Fair</strong></p><ul id=""""><li id=""""><strong id="""">Time:</strong> 1:00 pm - 3:00 pm</li><li id="""">Join us at the town center to meet our fantastic ancillary and caring partners.</li></ul><p id=""""><strong id="""">June 14th: Father's Day Car Show with Burgers and Brews</strong></p><ul id=""""><li id=""""><strong id="""">Time:</strong> 10:00 am - 1:00 pm</li><li id="""">Celebrate Father's Day with classic cars, delicious burgers, and refreshing brews.</li></ul><p id=""""><strong id="""">June 16th: Donuts with Dads</strong></p><ul id=""""><li id=""""><strong id="""">Time:</strong> 10:30 am</li><li id="""">Join us for a special Father's Day treat. Happy Father's Day!</li></ul><p id=""""><strong id="""">June 20th: Longest Day of the Year - Alzheimer's Awareness Event</strong></p><ul id=""""><li id=""""><strong id="""">Time:</strong> 6:00 pm</li><li id="""">Celebrate the longest day of the year with a drive-in movie and a Purple Party to raise awareness for Alzheimer's.</li></ul><h3 id="""">Resident Birthdays</h3><ul id=""""><li id=""""><strong id="""">June 1st:</strong> Joan Simms</li><li id=""""><strong id="""">June 4th:</strong> Bobby Smith</li><li id=""""><strong id="""">June 6th:</strong> Hue Norwood</li><li id=""""><strong id="""">June 10th:</strong> Carol Foster</li><li id=""""><strong id="""">June 14th:</strong> Martha Lillibridge</li><li id=""""><strong id="""">June 27th:</strong> Monica Norwood</li><li id=""""><strong id="""">June 28th:</strong> Barbara Biallas</li><li id=""""><strong id="""">June 30th:</strong> Della Dickerson</li></ul><h3 id="""">Staff Birthdays</h3><ul id=""""><li id=""""><strong id="""">June 7th:</strong> Mary Cagle</li><li id=""""><strong id="""">June 8th:</strong> Barry Borden and Victoria Hack</li><li id=""""><strong id="""">June 20th:</strong> Mia Garcia</li><li id=""""><strong id="""">June 22nd:</strong> Vanessa Valdez</li><li id=""""><strong id="""">June 24th:</strong> Cheryl Briscoe-Jones</li></ul><h3 id="""">Dementia Support Group</h3><p id=""""><strong id="""">Date:</strong> June 11th</p><p id="""">‚Äç<strong id="""">Time:</strong> 4:00 pm</p><p id="""">Led by Regional <a href=""/team/marci-gerke"" id="""">Memory Care Director Marci Gerke</a>, this support group is open to anyone caring for aging loved ones, especially those with dementia. Join us for support, information, and a welcoming environment to share experiences.</p><h3 id="""">Welcome New Residents</h3><p id="""">A warm welcome to our newest community members: Suzanne Boudeur, Elizabeth Morgan, Larry and Ren McKenize, Sandra Webber, and Marilyn Funk.</p><h3 id=""""><a href=""/volunteering"" id="""">Volunteering Opportunities</a></h3><p id="""">We're seeking volunteers to assist with activities, showcase musical talents, or simply spend quality time with our residents. If interested, please contact Jennie at <a id="""">jdreiling@gardensonquail.com</a>.</p><h3 id="""">Garden Club</h3><p id="""">Our veggie patch is officially in the ground! Join Jess every Tuesday at 11:15 am for some garden magic. Help us keep our garden thriving with watering, weeding, planting, and harvesting.</p><h3 id="""">Al Fresco Dining</h3><p id="""">Summer is the perfect time to enjoy a meal outside. If you'd like to dine in our beautiful courtyard, let a server know before you go out, and we'll ensure you're taken care of.</p><p id="""">Enjoy the sunny days and warm nights this June at Gardens on Quail. We're looking forward to all the wonderful moments we'll share together this month!</p><p id="""">‚Äç</p>",https://cdn.prod.website-files.com/637e82335616ba47c774e6bc/6660ce2cdd0805f82899a760_june24-screenshot-ezgif.com-resize.avif,mariah-ruell,https://cdn.prod.website-files.com/637e82335616ba47c774e6bc/6660d67a2ee15090b1605528_8.avif; https://cdn.prod.website-files.com/637e82335616ba47c774e6bc/6660d67ae2616c5966be26c7_7.avif; https://cdn.prod.website-files.com/637e82335616ba47c774e6bc/6660d67abda27db5433c73f0_6.avif; https://cdn.prod.website-files.com/637e82335616ba47c774e6bc/6660d67abfc9b07b9990f641_5.avif; https://cdn.prod.website-files.com/637e82335616ba47c774e6bc/6660d67ac4696042b73ec46a_3.avif; https://cdn.prod.website-files.com/637e82335616ba47c774e6bc/6660d67a652169e45ede8d76_2.avif; https://cdn.prod.website-files.com/637e82335616ba47c774e6bc/6660d67ab7b3fb4038fedab2_1.avif
June 25 Newsletter,june-25-newsletter,65e60b49424066470c920d78,684084e493127bc5dfa785f9,false,false,Wed Jun 04 2025 17:39:48 GMT+0000 (Coordinated Universal Time),Thu Jul 17 2025 14:20:58 GMT+0000 (Coordinated Universal Time),Thu Jul 17 2025 15:41:20 GMT+0000 (Coordinated Universal Time),Sun Jun 01 2025 00:00:00 GMT+0000 (Coordinated Universal Time),https://cdn.prod.website-files.com/637e82335616ba47c774e6bc/684084ec51f557cbfe567426_June%202025%20Newsletter.pdf,"<p id="""">At the Gardens on Quail, June is more than just the start of summer‚Äîit's a season of celebration, creativity, and community. We're thrilled to invite residents, families, and friends to take part in a vibrant array of events that capture the spirit of togetherness and joy.</p><p id=""""><strong id="""">üåé June 5 ‚Äì World Environment Day</strong><br>We're going green by painting recycling bins that will be placed in each neighborhood. This creative act promotes sustainability while letting residents leave their artistic mark.</p><p id=""""><strong id="""">üç¶ Every Sunday at 3 PM ‚Äì Ice Cream Socials</strong><br>Join us in the Town Center for sweet treats, good company, and summer vibes.</p><p id=""""><strong id="""">üöó June 14 ‚Äì Father‚Äôs Day Car Show (10 AM ‚Äì 1 PM)</strong><br>Celebrate our Gardens Fathers with chrome, classics, and camaraderie. A community favorite!</p><p id=""""><strong id="""">üßëüèΩ‚Äçüåæ Weekend Gardening Fun</strong><br>Every Saturday and Sunday, residents can nurture our beautiful grounds by helping water the gardens‚Äîa wonderful way to connect with nature.</p><p id=""""><strong id="""">üßµ June 19 ‚Äì Juneteenth Celebration</strong><br>We‚Äôll create a large paper quilt made from individual squares crafted by residents. Wear red in honor of the holiday and join us in reflecting on freedom and history.</p><p id=""""><strong id="""">üåà June 29 ‚Äì Pride Day</strong><br>Show your colors and support love in all its forms! Dress in rainbow attire and celebrate unity with us.</p><p id=""""><strong id="""">üé® June 12 ‚Äì Tie-Dye Workshop (11 AM ‚Äì 4 PM)</strong><br>Peace, love, and color! Our courtyard will come alive with vibrant creations that will be sold at the Craft Fair.</p><p id=""""><strong id="""">üõçÔ∏è June 21 ‚Äì Walk to End Alzheimer‚Äôs Craft Fair</strong><br>Support a meaningful cause while shopping handmade crafts by residents and local vendors in our Town Center. All proceeds from resident crafts will benefit the Walk to End Alzheimer‚Äôs.</p><p id=""""><strong id="""">üç® June 27 ‚Äì Dignity Hospice Ice Cream Social (2 PM)</strong><br>A sweet way to say thank you and celebrate community.</p><p id=""""><strong id="""">üç¥ Tasty Tuesdays</strong><br>June 3 ‚Äì Rice Krispies Creations<br>June 24 ‚Äì Banana Bread Baking Fun</p><p id=""""><strong id="""">üé∂ Friday Happy Hours (3 PM)</strong><br>Enjoy live music, delicious bites, and refreshing drinks every week!</p><ul id=""""><li>June 6: Rick Chinisci &amp; Charlie Duo</li><li>June 13: Dino on Drums</li><li>June 20: Bill Sucke Encore</li><li>June 27: Calvin the Hat Man</li></ul><p id=""""><strong id="""">üéâ Celebrating Our Own</strong><br>Happy Birthday to all our June babies‚Äîresidents and staff alike! And a huge congratulations to our Employee of the Month, Sammi Niemeier. Your warmth and culinary creativity make every meal memorable.</p><p id="""">This June, the Gardens on Quail is the place to be‚Äîwhere every event is another reason to smile, connect, and thrive.</p><p>‚Äç</p>",https://cdn.prod.website-files.com/637e82335616ba47c774e6bc/684084eff2574304c93919ce_thumbnail.webp,mariah-ruell,https://cdn.prod.website-files.com/637e82335616ba47c774e6bc/684084f5daf1b40a351f501a_1.webp; https://cdn.prod.website-files.com/637e82335616ba47c774e6bc/684084f56a2d0b8be646ce18_2.webp; https://cdn.prod.website-files.com/637e82335616ba47c774e6bc/684084f573eb383ccb40f31c_3.webp
March 2024 Newsletter,march-2024-newsletter,65e60b49424066470c920d78,65e60eb62e270e440454b324,false,false,Mon Mar 04 2024 18:11:02 GMT+0000 (Coordinated Universal Time),Thu Jul 17 2025 14:25:18 GMT+0000 (Coordinated Universal Time),Thu Jul 17 2025 15:41:20 GMT+0000 (Coordinated Universal Time),Fri Mar 01 2024 00:00:00 GMT+0000 (Coordinated Universal Time),https://cdn.prod.website-files.com/637e82335616ba47c774e6bc/65e60b97174985515e11c7ee_24March%20Newsletter.pdf,"<h2 id=""""><strong id="""">Spring is in the air, and Gardens on Quail is buzzing with excitement! </strong></h2><p id=""""><strong id="""">This March, we're celebrating community, creativity, and the joys of the season. From our Pie Bake-Off winners to a lineup of exciting events, there's something for everyone to enjoy. Join us in making this month unforgettable with festive parties, creative activities, and heartfelt gatherings. Let's celebrate together!</strong></p><p id=""""><strong id="""">Pie Bake-Off Winners Announced!</strong></p><p id=""""><strong id="""">‚Äç</strong>A round of applause for our culinary artists in the Cinnamon neighborhood for winning with their Lemon Cream Pie. Thanks to our judges from Dignity Hospice, Shamrock Foods, EmpowerMe, and GTI Labs.</p><p id=""""><strong id="""">Exciting March Events: Join Us!</strong></p><ul id=""""><li id=""""><strong id="""">Oscar Party:</strong> Glam up for our Oscar Party on March 10th at 5:00 pm.</li><li id=""""><strong id="""">Memory Care Outing:</strong> Join us for lunch at Randy's on March 14th at 11:00 am.</li><li id=""""><strong id="""">New Resident Lunch-In:</strong> Welcome our new neighbors on March 14th at 12:00 pm.</li><li id=""""><strong id="""">St. Patrick's Day Party:</strong> Get festive on March 17th at 2:45 pm.</li><li id=""""><strong id="""">Paint and Sip:</strong> Unleash creativity with Tracey's Traveling Art on March 24th at 1:30 pm.</li><li id=""""><strong id="""">Easter Service:</strong> Celebrate with us on March 31st at 10:30 am.</li></ul><p id=""""><strong id="""">Celebrating Our Beloved Residents and Staff</strong></p><ul id=""""><li id=""""><strong id="""">Resident Birthdays:</strong> Cheers to Cindy Ewing, Bill Koller, Dino DeVovellis, Dottie Eccher, Wally McDonald, Thresa Kautz, and Bill Netz.</li><li id=""""><strong id="""">Staff Birthdays:</strong> Celebrating Annette Little, Melissa Escobar, Trynadee Wilson, Josh Kavinsky, and Ebelia Arroyo.</li></ul><p id=""""><strong id="""">Volunteer with Us</strong></p><p id="""">If you know someone or you would be Interested in volunteering for the Gardens please connect with Jennie our AL/IL Activities Director to set up a time to talk about details. We love having community volunteers to help us with activities or just to spend some one- on - one time with our residents. Email: jdreiling@gardensonquail.com</p><p id=""""><strong id="""">Employee Appreciation: Quail Cash</strong></p><p id="""">We have started an initiative at the Gardens where residents can tip employees for going above and beyond with ‚ÄúQuail Cash‚Äú. Employees can then redeem their cash for prizes like a day off paid. If you need quail cash the front desk has extra</p><p id=""""><strong id="""">Gardening Joy</strong></p><p id="""">We have kicked off our summer vegetable planting. We cannot wait to enjoy the fruits of our labor!</p><p id=""""><strong id="""">Welcoming New Residents</strong></p><p id=""""><strong id="""">‚Äç</strong>A warm welcome to our newest members. We're thrilled to have you with us. Martha Lillibridge, Bobby and Ruth Ann Smith, Peggy Hanchey, Barbara Begley, Laura Kroskob, and Diane Flora.</p><p id="""">‚Äç</p>",https://cdn.prod.website-files.com/637e82335616ba47c774e6bc/65e60fef683f660880d9fc24_MarchNewsletter-pdf-ezgif.com-png-to-webp-converter.avif,mariah-ruell,
May 2024 Newsletter,may-2024-newsletter,65e60b49424066470c920d78,66311c360b687a3a2e1b6eb5,false,false,Tue Apr 30 2024 16:28:38 GMT+0000 (Coordinated Universal Time),Thu Jul 17 2025 14:24:07 GMT+0000 (Coordinated Universal Time),Thu Jul 17 2025 15:41:20 GMT+0000 (Coordinated Universal Time),Wed May 01 2024 00:00:00 GMT+0000 (Coordinated Universal Time),https://cdn.prod.website-files.com/637e82335616ba47c774e6bc/66311b2b864191a05b51fa91_May24%20Newsletter.pdf,"<h3 id="""">A Blooming May at Gardens on Quail!</h3><p id="""">Spring has sprung, and we're blossoming with excitement for a fantastic lineup of events this May at Gardens on Quail! With vibrant celebrations, heartfelt gatherings, and plenty of opportunities to connect, we can't wait to share these special moments with you. From our festive Derby Party and Cinco de Mayo celebrations to a delightful Mother‚Äôs Day Brunch and an enchanting Tea Party, May promises to be a month filled with joy, laughter, and cherished memories. So, mark your calendars, gather your friends, and let's welcome the warmth and beauty of spring together!</p><h2 id="""">Upcoming Events:</h2><ul id=""""><li id="""">May 4th, 3:00pm: Run for the Roses Derby Party ‚Äã</li><li id="""">May 6th, 11:00am: Cinco De Mayo Party ‚Äã</li><li id="""">May 12th: Mother‚Äôs Day Brunch and Bubbles, 11:00am-1:30pm (Please RSVP by May 8th to Jennie in Activities) ‚Äã</li><li id="""">May 14th, 2:00pm: Tea Party ‚ÄúCelebrating Women‚Äù ‚Äã</li><li id="""">May 17th, 3:00pm: Happy Hour with Elvis ‚Äã</li><li id="""">May 23rd, 11:15am: Memory Care Lunch Outing - The Olive Garden ‚Äã</li><li id="""">May 27th, 11:30am: Memorial Day BBQ ‚Äã</li></ul><h2 id="""">Dementia Support Group: ‚Äã</h2><ul id=""""><li id="""">May 14th, 4:00pm: Led by Regional Memory Care Director Marci Gerke. ‚Äã Open to those caring for aging loved ones, especially those with <a href=""/living-options/memory-care"" id="""">dementia</a>, providing support, information, and a welcoming environment for sharing experiences. ‚Äã</li></ul><h2 id="""">Welcome New Residents: ‚Äã</h2><ul id=""""><li id="""">Roger Hartman</li><li id="""">Della Dickerson</li><li id="""">Errol McGlaughlin</li><li id="""">Gretchen Faulkner</li><li id="""">Ralph Nickel</li><li id="""">Kathleen Parrett</li></ul><h2 id=""""><a href=""/employment"" id="""">Employee of the Month: ‚Äã</a></h2><ul id=""""><li id="""">Lisa Garcia: Congratulations to Lisa Garcia, our shining star for May as Employee of the Month! ‚Äã Lisa is the ultimate activities ace, blending bravery, boundless energy, and a heart of gold to create unforgettable moments for our residents. ‚Äã</li></ul><h2 id="""">Resident Birthdays:</h2><ul id=""""><li id="""">May 15th: May Yamada ‚Äã</li><li id="""">May 19th: Dennis Seabourn ‚Äã</li><li id="""">May 24th: Jeannine Hayes ‚Äã</li><li id="""">May 27th: Sue McGlaughlin ‚Äã</li></ul><h2 id="""">Staff Birthdays:</h2><ul id=""""><li id="""">May 2nd: Kyrstle Mccomb ‚Äã</li><li id="""">May 7th: Amy Felperin ‚Äã</li><li id="""">May 13th: Nora Mcsherry ‚Äã</li><li id="""">May 21st: Delana Wilson ‚Äã</li><li id="""">May 26th: Christie Ayre ‚Äã</li><li id="""">May 29th: Alexis Myles ‚Äã</li></ul><p id="""">‚Äç</p>",https://cdn.prod.website-files.com/637e82335616ba47c774e6bc/66311c326907ae9422f8ee68_May24%20Newsletter-pdf.avif,mariah-ruell,
May 25 Newsletter,may-25-newsletter,65e60b49424066470c920d78,681cc3dacddbdb7973ab7929,false,false,Thu May 08 2025 14:46:50 GMT+0000 (Coordinated Universal Time),Thu Jul 17 2025 14:21:25 GMT+0000 (Coordinated Universal Time),Thu Jul 17 2025 15:41:20 GMT+0000 (Coordinated Universal Time),Thu May 01 2025 00:00:00 GMT+0000 (Coordinated Universal Time),https://cdn.prod.website-files.com/637e82335616ba47c774e6bc/681cc2a50775c5f903882124_May%202025%20Newsletter%20.pdf,"<h1 id="""">Celebrating Community &amp; Spring Connections</h1><h2 id="""">Employee of the Month</h2><p id="""">We're delighted to recognize Fidelia as our Employee of the Month! Fidelia has been an invaluable member of our Quail family for over 10 years. Her unwavering dedication and hard work have always been evident in the way she puts the residents first, ensuring their needs and well-being are met with the utmost care. Fidelia's warm and cheerful presence brings joy and laughter to everyone around her each day. Her positive energy is truly infectious, and it has a remarkable impact on both the staff and residents alike. We are incredibly fortunate to have Fidelia as part of our team, and her contributions are deeply appreciated.</p><h2 id="""">Resident Birthdays</h2><ul id=""""><li id="""">Liz M - May 8th</li><li id="""">Jeannine H - May 24th</li><li id="""">Sue M - May 27th</li></ul><h2 id="""">Special Celebrations</h2><p id="""">Join us for a special celebration on Thursday, May 22nd at 1 pm in the Town Center, where resident Dale Ashton and his wife, Dorothy will be celebrating their 65-year wedding anniversary! Everyone is invited to help commemorate this incredible milestone.</p><h2 id="""">Upcoming Community Events &amp; Calendar Changes</h2><p id=""""><strong>Calendar Update:</strong> In an attempt to give our Wednesday Shopping Outing participants more time to shop, we have moved the Wednesday BINGO game to Tuesday afternoon at 3:00 pm.</p><p id=""""><strong>Western Garden Project:</strong> Thursday, May 8th, we will use the morning to work on our Western Garden beds. We've invited residents to join in, and we will be ordering pizza for whoever comes to help.</p><p id=""""><strong>Mother's Day Celebration:</strong> We will celebrate Mother's Day on Sunday, May 11th by painting and filling flower pots, followed by a delightful Tea Party at 3 pm.</p><p id=""""><strong>EMPOWERME Fitness:</strong> Restorative care will host exercise at 10:30 am every Tuesday in May.</p><p id=""""><strong>Park Trips: </strong>May brings trips to nearby parks to enjoy the beautiful Colorado weather. We will leave every Tuesday morning at 9:30 am &amp; return before 10:30 am exercise.</p><p id=""""><strong>Join us for Happy Hour! </strong>Enjoy tasty treats, refreshing drinks, and a live musical performance! Let's unwind and kick off the weekend together every Friday at 3 PM!</p><h3 id="""">May Performances</h3><ul id=""""><li id="""">May 2nd: Performance by Rick Chinisci and Charlie Duo</li><li id="""">May 9th: Performance by Larry O'Connor on Piano</li><li id="""">May 16th: Encore Performance by Rick Chinisci Duo</li><li id="""">May 23rd: Performance by Dino on Drums</li><li id="""">May 30th: Folk Guitar Performance with Bill Sucke</li></ul><h3 id="""">Plenty of Outings!'</h3><p id="""">We will be taking several lunch, shopping and trips to local parks in May. Here are some of the highlights:</p><ul id=""""><li id="""">Tuesday, May 13th at 9:30 am: Assisted Living will visit Majestic View Park for a relaxing outdoor excursion.</li><li id="""">Thursday, May 15th: Assisted Living will be going to Breadwinners, an Olde Town Arvada favorite.</li><li id="""">Wednesday, May 21st at 11:15 am: By request of one of the residents, Memory Care will be having lunch at Massino's Pizza, another local favorite!</li><li id="""">Wednesday, May 28th at 12:30 pm: Memory Care will visit the Butterfly Pavilion in Broomfield.</li></ul><p id="""">For more information about any of these events or to RSVP, please visit the front desk. We look forward to an exciting month of activities and community connections!</p><p>‚Äç</p>",https://cdn.prod.website-files.com/637e82335616ba47c774e6bc/681cc3605dbcc2ca69bc18f8_thumb.avif,mariah-ruell,https://cdn.prod.website-files.com/637e82335616ba47c774e6bc/681cc3d3a682c18b5e8e0b44_2.avif; https://cdn.prod.website-files.com/637e82335616ba47c774e6bc/681cc3d363a52bd6ddbc5f47_1.avif; https://cdn.prod.website-files.com/637e82335616ba47c774e6bc/681cc3d3d59b7028e92c75e7_3.avif
November 24 Newsletter,november-24-newsletter,65e60b49424066470c920d78,6734de2477e7f11a18c2e7b3,false,false,Wed Nov 13 2024 17:13:08 GMT+0000 (Coordinated Universal Time),Thu Jul 17 2025 14:21:57 GMT+0000 (Coordinated Universal Time),Thu Jul 17 2025 15:41:20 GMT+0000 (Coordinated Universal Time),Fri Nov 01 2024 00:00:00 GMT+0000 (Coordinated Universal Time),https://cdn.prod.website-files.com/637e82335616ba47c774e6bc/6734dc363df6d1c3399e414b_November%20Newsletter_compressed.pdf,"<p id="""">November is a season of gratitude, community, and connection here at Gardens on Quail! This month, our residents and team come together to celebrate meaningful traditions, support local seniors, and share moments of joy with loved ones. We have an exciting lineup of activities, and we can‚Äôt wait to share these special times with our community.</p><p id=""""><strong id="""">November 1st - D√≠a de Los Muertos Celebration at 11:15 AM</strong>‚Äç</p><p id="""">We‚Äôre honoring our loved ones who have passed with a beautiful D√≠a de Los Muertos celebration. Together, we‚Äôll create a Gardens on Quail ofrenda, a traditional altar adorned with memories and tributes to those who have touched our lives. Join us as we celebrate life, love, and legacy through this cherished cultural tradition.</p><h4 id=""""><strong id="""">November 4th - Community Gratitude Tree at 1:30 PM</strong></h4><p id=""""><strong id="""">‚Äç</strong>Gratitude is in the air! We‚Äôre setting up our ‚ÄúGratitude Tree,‚Äù a place where residents, families, and team members can reflect on what they‚Äôre most thankful for. Help us bring our tree to life by sharing your thoughts of gratitude. It‚Äôs a wonderful reminder of the blessings we share as a community.</p><p id=""""><strong id="""">November 19th - The Senior Stocking Project at 1:30 PM</strong></p><p id=""""><strong id="""">‚Äç</strong>It‚Äôs the season of giving! We‚Äôre thrilled to support the Senior Stocking Project, which provides thoughtful stocking gifts to low-income seniors, isolated individuals, and those experiencing homelessness in our community. Join us to collect and fill stockings with essential items and holiday treats. Together, we‚Äôre bringing warmth and kindness to those who need it most.</p><p id=""""><strong id="""">November 20th - Little Loves Preschool Visit at 10:30 AM</strong></p><p id=""""><strong id="""">‚Äç</strong>Our monthly gathering with Little Loves Preschool is back! These young friends bring laughter, creativity, and heartwarming connections to our residents. This month, the children will visit for a special activity, creating cherished moments and memories that bridge generations.</p><p id=""""><strong id="""">November 27th - Thanksgiving Lunch</strong></p><p id=""""><strong id="""">‚Äç</strong>This Thanksgiving, we‚Äôre celebrating with a special lunch for our residents and their families. We invite you to join us for a memorable meal, where we‚Äôll share stories, laughter, and gratitude for the wonderful community we have at Gardens on Quail. Please RSVP by November 21st to reserve your place and ensure there‚Äôs a seat for everyone!</p><p id=""""><strong id="""">Honoring Amy Felperin as November‚Äôs Employee of the Month</strong></p><p id=""""><strong id="""">‚Äç</strong>Congratulations to Amy Felperin, our November Employee of the Month! Amy is the heart of our activities team, bringing contagious joy and boundless enthusiasm to our community. Her dedication shines through every event and gathering, making Gardens on Quail a vibrant and joyful place to be.</p><p id=""""><strong id="""">Special Invitation: Navigating the Journey of Dementia Classes - Tuesdays, 6 PM to 7:30 PM</strong></p><p id=""""><strong id="""">‚Äç</strong>This month, we‚Äôre offering a compassionate and insightful class, ‚ÄúNavigating the Journey of Dementia,‚Äù held every Tuesday evening. These sessions are designed to support families and caregivers as they navigate the challenges and experiences of dementia. Visit the front desk for more information and to sign up.</p><p id="""">This November, Gardens on Quail is bustling with heartfelt celebrations, opportunities for giving, and festive gatherings. We hope you‚Äôll join us in making this season bright for everyone in our community. Happy November to all!</p><p id="""">‚Äç</p>",https://cdn.prod.website-files.com/637e82335616ba47c774e6bc/6734de1b592b848cfa68471f_cover.avif,mariah-ruell,https://cdn.prod.website-files.com/637e82335616ba47c774e6bc/6734dd875a1826ab32a2e50b_3.avif; https://cdn.prod.website-files.com/637e82335616ba47c774e6bc/6734dd87e6b0d71bf931ea04_1.avif; https://cdn.prod.website-files.com/637e82335616ba47c774e6bc/6734dd873586da1ece029048_2.avif
October 24 Newsletter,october-24-newsletter,65e60b49424066470c920d78,66fefe8dd6f958e9fb638866,false,false,Thu Oct 03 2024 20:29:01 GMT+0000 (Coordinated Universal Time),Thu Jul 17 2025 14:22:19 GMT+0000 (Coordinated Universal Time),Thu Jul 17 2025 15:41:20 GMT+0000 (Coordinated Universal Time),Tue Oct 01 2024 00:00:00 GMT+0000 (Coordinated Universal Time),https://cdn.prod.website-files.com/637e82335616ba47c774e6bc/66fefcd970024ee260be83c4_October%20Newsletter-compressed-compressed.pdf,"<p id="""">As the air turns crisp and the leaves change colors, we at Gardens on Quail are excited to embrace the beautiful autumn season with a variety of engaging activities and community events. From fall festivities to celebrating our outstanding team members, there‚Äôs a lot to look forward to this month. Here‚Äôs a look at what‚Äôs happening at Gardens on Quail in October!</p><h4 id="""">Employee of the Month: Congratulations, Krystal!</h4><p id="""">We are thrilled to announce <strong id="""">Krystal</strong> as our Employee of the Month for September! Krystal shines brightly in our community, dazzling everyone with her warm heart and eagerness to lend a hand. Our residents and staff absolutely adore her dedication, and we couldn‚Äôt be more proud of her hard work and commitment. Thank you, Krystal, for all that you do‚Äîyou are a true gem!</p><h4 id="""">Resident Birthdays</h4><p id="""">We love celebrating birthdays here at Gardens on Quail! Join us in wishing a very happy birthday to our residents celebrating this month:</p><ul id=""""><li id=""""><strong id="""">October 4th:</strong> Sharon H</li><li id=""""><strong id="""">October 8th:</strong> Sandy K</li><li id=""""><strong id="""">October 10th:</strong> Jack W</li><li id=""""><strong id="""">October 11th:</strong> Robin D</li><li id=""""><strong id="""">October 12th:</strong> Betty A, Connie B, Ann W</li><li id=""""><strong id="""">October 13th:</strong> Linda A</li><li id=""""><strong id="""">October 22nd:</strong> Linda B</li><li id=""""><strong id="""">October 25th:</strong> Ren M, Yvonne K</li></ul><p id="""">We hope your special day is filled with joy, laughter, and love!</p><h4 id="""">Upcoming Events</h4><p id="""">We‚Äôve got an exciting lineup of events planned to bring in the autumn season. Mark your calendars and join us for these fun and festive activities:</p><ul id=""""><li id=""""><strong id="""">October 2nd:</strong> <strong id="""">Fall Fest</strong> ‚Äì Kick off the fall season with a special breakfast and lunch in Town Center as we deep clean the dining room.</li><li id=""""><strong id="""">October 11th, 2:00 PM:</strong> <strong id="""">Oktoberfest Celebration</strong> ‚Äì Enjoy traditional Oktoberfest snacks, games, polka music, and a live performance by Steve Rock!</li><li id=""""><strong id="""">October 15th, 2:00 PM:</strong> <strong id="""">Fall Tea Party</strong> ‚Äì Sip apple cinnamon tea and celebrate the changing seasons in style.</li><li id=""""><strong id="""">October 21st, 1:30 PM:</strong> <strong id="""">Pumpkin Painting Party</strong> ‚Äì Pick pumpkins from our patch and get creative while enjoying some hot apple cider.</li><li id=""""><strong id="""">October 24th, 3:15 PM:</strong> <strong id="""">Community Chili Cook-Off</strong> ‚Äì Sample delicious chili from each neighborhood and vote for your favorite!</li><li id=""""><strong id="""">October 31st:</strong> <strong id="""">Halloween Celebrations</strong><ul id=""""><li id=""""><strong id="""">10:30 AM:</strong> Little Loves Preschool Trick-or-Treat in Town Center</li><li id=""""><strong id="""">1:30 PM:</strong> Halloween Party with fun games and snacks</li><li id=""""><strong id="""">2:30 PM:</strong> Halloween Happy Hour with Dino</li></ul></li></ul><p id="""">We‚Äôll also be collecting <strong id="""">Halloween candy donations</strong> throughout the month! If you‚Äôd like to donate candy for our trick-or-treat event with Little Loves Preschool, please drop it off at the box at the front desk.</p><h4 id="""">Vaccination Clinic</h4><p id="""">Gardens on Quail will be holding a vaccination clinic for residents on <strong id="""">October 23rd from 10:00 AM to 12:00 PM</strong>. If you‚Äôd like more information or need a consent form, please reach out to the front desk.</p><h4 id="""">Dementia Support Group</h4><p id="""">Our monthly <strong id="""">Dementia Support Group</strong> will be held on <strong id="""">October 8th at 4:00 PM</strong>, led by Regional <a href=""/living-options/memory-care"">Memory Care</a> Director Marci Gerke. This support group is open to those caring for aging loved ones, especially those with dementia, and provides a welcoming environment for sharing experiences and gaining valuable information.</p><h4 id="""">Thank You for Supporting the Alzheimer‚Äôs Team!</h4><p id="""">We want to extend a heartfelt thank you to everyone who contributed to raising money for our Alzheimer‚Äôs Team. Together, we raised an impressive <strong id="""">$23,385</strong>! A special shout-out to <strong id="""">Andy</strong>, who ran 50 miles and raised an incredible <strong id="""">$10,000</strong> toward our team‚Äôs efforts. Thank you all for helping in the fight against Alzheimer‚Äôs‚Äîyour generosity and dedication mean the world!</p><p id="""">October is shaping up to be a month full of fun, support, and community spirit here at Gardens on Quail. We look forward to celebrating the season with all of you!</p><p id="""">Stay connected with us for more updates and event announcements by following us on social media. Let‚Äôs make this October one to remember!</p><h3 id="""">‚Äç</h3><p id="""">‚Äç</p>",https://cdn.prod.website-files.com/637e82335616ba47c774e6bc/66ff005fb5903469b469b31c_cover.avif,mariah-ruell,https://cdn.prod.website-files.com/637e82335616ba47c774e6bc/66ff000f9afdb87a4ea9224f_1.avif; https://cdn.prod.website-files.com/637e82335616ba47c774e6bc/66ff00adf467b0782a82769d_21.avif; https://cdn.prod.website-files.com/637e82335616ba47c774e6bc/66ff00addc412e3df67eae1d_31.avif
September 2024 Newsletter,september-2024-newsletter,65e60b49424066470c920d78,66d74170e713c5ae972332c6,false,false,Tue Sep 03 2024 17:03:44 GMT+0000 (Coordinated Universal Time),Thu Jul 17 2025 14:22:49 GMT+0000 (Coordinated Universal Time),Thu Jul 17 2025 15:41:20 GMT+0000 (Coordinated Universal Time),Sun Sep 01 2024 00:00:00 GMT+0000 (Coordinated Universal Time),https://cdn.prod.website-files.com/637e82335616ba47c774e6bc/66d7403061eddfd7c50f9f9e_September%20Newsletter%20(1).pdf,"<p id="""">As the leaves begin to change and the crispness of autumn fills the air, we at Gardens on Quail are excited to share all the wonderful happenings around our community this September. From honoring our incredible team members and residents to engaging in meaningful events, this month is filled with opportunities to connect, celebrate, and support important causes.</p><h4 id="""">Employee of the Month: Congratulations, Allie!</h4><p id="""">We are thrilled to announce Allie as our Employee of the Month for September! Allie‚Äôs genuine kindness and eagerness to help have made her a standout at Gardens on Quail. Both residents and fellow staff members sincerely appreciate her hard work and unwavering commitment. Thank you, Allie, for all that you do to make our community a warm and welcoming place!</p><h4 id="""">Resident and Staff Birthdays</h4><p id="""">We love celebrating birthdays here at Gardens on Quail! Join us in wishing our residents and staff a very happy birthday this month:</p><p id=""""><strong id="""">Resident Birthdays:</strong></p><ul id=""""><li id=""""><strong id="""">September 3rd:</strong> Sandra V</li><li id=""""><strong id="""">September 4th:</strong> Vera P</li><li id=""""><strong id="""">September 5th:</strong> John N</li><li id=""""><strong id="""">September 15th:</strong> Vivian S</li><li id=""""><strong id="""">September 22nd:</strong> Patty B</li><li id=""""><strong id="""">September 24th:</strong> Shirley B</li><li id=""""><strong id="""">September 29th:</strong> Frank S</li></ul><p id=""""><strong id="""">Staff Birthdays:</strong></p><ul id=""""><li id=""""><strong id="""">September 7th:</strong> Janelle J</li><li id=""""><strong id="""">September 19th:</strong> Allie H</li><li id=""""><strong id="""">September 26th:</strong> Natalia H</li><li id=""""><strong id="""">September 30th:</strong> Desiree A</li></ul><p id="""">We hope your special day is filled with joy, laughter, and lots of love!</p><h4 id="""">Upcoming Events</h4><p id="""">This September, we have a full calendar of events designed to bring our community together and create lasting memories:</p><ul id=""""><li id=""""><strong id="""">September 8th:</strong> Official Broncos Kick-Off ‚Äì Get ready to show your team spirit! We‚Äôre hosting a themed lunch followed by a kick-off party as we cheer on the Broncos in their first game of the season.</li><li id=""""><strong id="""">September 10th:</strong> First Responders Goodie Bags ‚Äì After our morning exercise, join us in assembling goodie bags to honor our first responders. This is a small token of our appreciation for their dedication, especially as we remember those who lost their lives on September 11th.</li><li id=""""><strong id="""">September 21st:</strong> <a href=""https://act.alz.org/site/SPageServer/?pagename=walk_homepage"">Walk to End Alzheimer‚Äôs</a> ‚Äì In support of the mission to end Alzheimer‚Äôs, we‚Äôre organizing a walk around our courtyard and neighborhood at 10:00 AM. Deck out in purple to show your support!</li><li id=""""><strong id="""">September 22nd:</strong> <a href=""http://www.wccnow.org/"">Westminster Christian Church </a>Children's Choir Performance ‚Äì Enjoy a heartwarming performance by the Westminster Christian Church Children‚Äôs Choir at 1:30 PM.</li><li id=""""><strong id="""">September 26th:</strong> Gardens Walker and Wheelchair Wash ‚Äì Join us at 11:00 AM for a walker and wheelchair wash, ensuring everyone‚Äôs mobility aids are in top shape.</li></ul><h4 id=""""><a href=""https://www.ahcancal.org/Education-Events/Pages/NALW.aspx"">National Assisted Living Week</a>: September 8th-15th</h4><p id="""">This week is dedicated to celebrating our incredible staff and residents. We have a variety of fun and engaging activities planned, including dress-up days, community BINGO, and special treats for everyone. Additionally, we‚Äôll have a staff appreciation board in the lobby where you can leave notes of encouragement and kindness for those who make Gardens on Quail such a wonderful place to live and work.</p><h4 id="""">Dementia Support Group</h4><p id="""">Supporting our residents and their families is a core value at Gardens on Quail. On <strong id="""">September 10th at 4:00 PM</strong>, we‚Äôll be hosting our monthly Dementia Support Group, led by Regional <a href=""/living-options/memory-care"">Memory Care</a> Director Marci Gerke. This group is open to all those caring for aging loved ones, especially those with dementia, providing a welcoming environment for sharing experiences, gaining information, and finding support.</p><h4 id="""">Join Us in Making September Special</h4><p id="""">We invite you to participate in the many events and celebrations happening this month. Whether you‚Äôre cheering on the Broncos, walking to end Alzheimer‚Äôs, or simply taking a moment to appreciate our wonderful community, there‚Äôs something for everyone this September at Gardens on Quail.</p><p id="""">Let‚Äôs make this month one to remember!</p><p>‚Äç</p>",https://cdn.prod.website-files.com/637e82335616ba47c774e6bc/66d74032b5b4b9fc2e398599_Page%201.avif,mariah-ruell,https://cdn.prod.website-files.com/637e82335616ba47c774e6bc/66d7413cb978cc8c66775dea_1.avif; https://cdn.prod.website-files.com/637e82335616ba47c774e6bc/66d741400f51fd6233af253c_2.avif; https://cdn.prod.website-files.com/637e82335616ba47c774e6bc/66d74142e01f69ebce6d571c_3.avif
