URL,Type,Description
https://www.stagesenior.com/,Static,Homepage
https://www.stagesenior.com/:careLevel/:city,Landing Page,{careType} in {city} | Stage Senior
https://www.stagesenior.com/55-plus-communities/arvada,Landing Page,{city} 55+ Communities - Active Adult Living - arvada
https://www.stagesenior.com/55-plus-communities/golden,Landing Page,{city} 55+ Communities - Active Adult Living - golden
https://www.stagesenior.com/about-us,Static,About Us
https://www.stagesenior.com/accessibility,Static,Accessibility
https://www.stagesenior.com/alzheimers-care/arvada,Landing Page,{city} Alzheimer's Care - Specialized Memory Care - arvada
https://www.stagesenior.com/alzheimers-care/golden,Landing Page,{city} Alzheimer's Care - Specialized Memory Care - golden
https://www.stagesenior.com/alzheimers-care/littleton,Landing Page,{city} Alzheimer's Care - Specialized Memory Care - littleton
https://www.stagesenior.com/assisted-living-near-me/arvada,Landing Page,Assisted Living Near Me in {city} - Local Communities | Stage Senior - arvada
https://www.stagesenior.com/assisted-living-near-me/golden,Landing Page,Assisted Living Near Me in {city} - Local Communities | Stage Senior - golden
https://www.stagesenior.com/assisted-living-near-me/lakewood,Landing Page,Assisted Living Near Me in {city} - Local Communities | Stage Senior - lakewood
https://www.stagesenior.com/assisted-living-near-me/littleton,Landing Page,Assisted Living Near Me in {city} - Local Communities | Stage Senior - littleton
https://www.stagesenior.com/assisted-living-near-me/morrison,Landing Page,Assisted Living Near Me in {city} - Local Communities | Stage Senior - morrison
https://www.stagesenior.com/assisted-living/arvada,Landing Page,{city} Assisted Living - Locally Owned & Trusted - arvada
https://www.stagesenior.com/assisted-living/arvada,Landing Page,Assisted Living in Arvada CO | Stage Senior
https://www.stagesenior.com/assisted-living/golden,Landing Page,{city} Assisted Living - Locally Owned & Trusted - golden
https://www.stagesenior.com/assisted-living/lakewood,Landing Page,{city} Assisted Living - Locally Owned & Trusted - lakewood
https://www.stagesenior.com/assisted-living/littleton,Landing Page,{city} Assisted Living - Locally Owned & Trusted - littleton
https://www.stagesenior.com/assisted-living/morrison,Landing Page,{city} Assisted Living - Locally Owned & Trusted - morrison
https://www.stagesenior.com/beauty-salon,Static,Beauty Salon & Barber
https://www.stagesenior.com/best-assisted-living/arvada,Landing Page,Best Assisted Living {city} - Top Rated Communities - arvada
https://www.stagesenior.com/best-assisted-living/golden,Landing Page,Best Assisted Living {city} - Top Rated Communities - golden
https://www.stagesenior.com/best-assisted-living/lakewood,Landing Page,Best Assisted Living {city} - Top Rated Communities - lakewood
https://www.stagesenior.com/best-assisted-living/littleton,Landing Page,Best Assisted Living {city} - Top Rated Communities - littleton
https://www.stagesenior.com/best-assisted-living/morrison,Landing Page,Best Assisted Living {city} - Top Rated Communities - morrison
https://www.stagesenior.com/best-memory-care/arvada,Landing Page,Best Memory Care {city} - Top Alzheimer's & Dementia Care - arvada
https://www.stagesenior.com/best-memory-care/golden,Landing Page,Best Memory Care {city} - Top Alzheimer's & Dementia Care - golden
https://www.stagesenior.com/best-memory-care/littleton,Landing Page,Best Memory Care {city} - Top Alzheimer's & Dementia Care - littleton
https://www.stagesenior.com/best-senior-living/arvada,Landing Page,Best Senior Living {city} - Top Rated Communities 2025 - arvada
https://www.stagesenior.com/best-senior-living/golden,Landing Page,Best Senior Living {city} - Top Rated Communities 2025 - golden
https://www.stagesenior.com/best-senior-living/littleton,Landing Page,Best Senior Living {city} - Top Rated Communities 2025 - littleton
https://www.stagesenior.com/care-points,Static,Care Points
https://www.stagesenior.com/careers,Static,Careers
https://www.stagesenior.com/communities,Static,Communities Listing
https://www.stagesenior.com/communities/golden-pond,Community,Golden Pond Retirement Community
https://www.stagesenior.com/communities/stonebridge-senior,Community,Stonebridge Senior
https://www.stagesenior.com/communities/the-gardens-at-columbine,Community,The Gardens at Columbine
https://www.stagesenior.com/communities/the-gardens-on-quail,Community,The Gardens on Quail
https://www.stagesenior.com/compare-care-levels,Static,Compare Care Levels
https://www.stagesenior.com/contact,Static,Contact
https://www.stagesenior.com/cost/:careLevel/:city,Landing Page,Cost of {careType} in {city} | Stage Senior Pricing
https://www.stagesenior.com/courtyards-patios,Static,Courtyards & Patios
https://www.stagesenior.com/dementia-care/arvada,Landing Page,{city} Dementia Care - Secure Memory Care Communities - arvada
https://www.stagesenior.com/dementia-care/golden,Landing Page,{city} Dementia Care - Secure Memory Care Communities - golden
https://www.stagesenior.com/dementia-care/littleton,Landing Page,{city} Dementia Care - Secure Memory Care Communities - littleton
https://www.stagesenior.com/dining,Static,Dining
https://www.stagesenior.com/events,Static,Events Listing
https://www.stagesenior.com/family-stories-and-reviews,Static,Family Stories & Reviews
https://www.stagesenior.com/faqs,Static,FAQs
https://www.stagesenior.com/fitness-therapy,Static,Fitness & Therapy Center
https://www.stagesenior.com/for-professionals,Static,For Professionals
https://www.stagesenior.com/for-professionals,Landing Page,For Healthcare Professionals | Rapid Placement | Stage Senior
https://www.stagesenior.com/in-home-care,Static,In-Home Care
https://www.stagesenior.com/independent-living/arvada,Landing Page,{city} Independent Living - Active Senior Community - arvada
https://www.stagesenior.com/independent-living/golden,Landing Page,Independent Living in Golden CO | Stage Senior
https://www.stagesenior.com/independent-living/golden,Landing Page,{city} Independent Living - Active Senior Community - golden
https://www.stagesenior.com/luxury-senior-living/arvada,Landing Page,Luxury Senior Living in {city} - Upscale Communities | Stage Senior - arvada
https://www.stagesenior.com/luxury-senior-living/golden,Landing Page,Luxury Senior Living in {city} - Upscale Communities | Stage Senior - golden
https://www.stagesenior.com/luxury-senior-living/littleton,Landing Page,Luxury Senior Living in {city} - Upscale Communities | Stage Senior - littleton
https://www.stagesenior.com/memory-care-near-me/arvada,Landing Page,Memory Care Near Me in {city} - Dementia Care | Stage Senior - arvada
https://www.stagesenior.com/memory-care-near-me/golden,Landing Page,Memory Care Near Me in {city} - Dementia Care | Stage Senior - golden
https://www.stagesenior.com/memory-care-near-me/littleton,Landing Page,Memory Care Near Me in {city} - Dementia Care | Stage Senior - littleton
https://www.stagesenior.com/memory-care/arvada,Landing Page,Memory Care in Arvada CO | Stage Senior
https://www.stagesenior.com/memory-care/arvada,Landing Page,{city} Memory Care - Alzheimer's & Dementia Specialists - arvada
https://www.stagesenior.com/memory-care/golden,Landing Page,{city} Memory Care - Alzheimer's & Dementia Specialists - golden
https://www.stagesenior.com/memory-care/lakewood,Landing Page,Memory Care in Lakewood CO | Stage Senior
https://www.stagesenior.com/memory-care/littleton,Landing Page,{city} Memory Care - Alzheimer's & Dementia Specialists - littleton
https://www.stagesenior.com/pricing-and-availability,Static,Pricing & Availability
https://www.stagesenior.com/privacy,Static,Privacy Policy
https://www.stagesenior.com/retirement-communities/arvada,Landing Page,{city} Retirement Communities - Independent & Assisted - arvada
https://www.stagesenior.com/retirement-communities/golden,Landing Page,{city} Retirement Communities - Independent & Assisted - golden
https://www.stagesenior.com/retirement-communities/littleton,Landing Page,{city} Retirement Communities - Independent & Assisted - littleton
https://www.stagesenior.com/reviews,Static,Reviews
https://www.stagesenior.com/safety-with-dignity,Static,Safety with Dignity
https://www.stagesenior.com/senior-apartments/arvada,Landing Page,{city} Senior Apartments - Independent Living Communities - arvada
https://www.stagesenior.com/senior-apartments/golden,Landing Page,{city} Senior Apartments - Independent Living Communities - golden
https://www.stagesenior.com/senior-living/arvada,Landing Page,{city} Senior Living - Assisted Living & Memory Care - arvada
https://www.stagesenior.com/senior-living/golden,Landing Page,{city} Senior Living - Assisted Living & Memory Care - golden
https://www.stagesenior.com/senior-living/littleton,Landing Page,{city} Senior Living - Assisted Living & Memory Care - littleton
https://www.stagesenior.com/services,Static,Services
https://www.stagesenior.com/services/chaplaincy,Static,Chaplaincy
https://www.stagesenior.com/services/long-term-care,Static,Long-Term Care
https://www.stagesenior.com/services/management,Static,Professional Management
https://www.stagesenior.com/stage-cares,Static,Stage Cares
https://www.stagesenior.com/team,Static,Team Directory
https://www.stagesenior.com/team/allie-mitchem,Team Member,Allie Mitchem
https://www.stagesenior.com/team/alyssa-trujillo,Team Member,Alyssa Trujillo
https://www.stagesenior.com/team/ben-chandler,Team Member,Ben Chandler
https://www.stagesenior.com/team/bob-burden,Team Member,Bob Burden
https://www.stagesenior.com/team/chaz-osen,Team Member,Chaz Osen
https://www.stagesenior.com/team/colleen-emery,Team Member,Colleen Emery
https://www.stagesenior.com/team/helen-rossi,Team Member,Helen Rossi
https://www.stagesenior.com/team/holly-jo-eames,Team Member,Holly Jo Eames
https://www.stagesenior.com/team/jeff-ippen,Team Member,Jeff Ippen
https://www.stagesenior.com/team/jonathan-hachmeister,Team Member,Jonathan Hachmeister
https://www.stagesenior.com/team/josh-kavinsky,Team Member,Josh Kavinsky
https://www.stagesenior.com/team/leigh-boney,Team Member,Leigh Boney
https://www.stagesenior.com/team/marci-gerke,Team Member,Marci Gerke
https://www.stagesenior.com/team/maria-torres,Team Member,Maria Torres
https://www.stagesenior.com/team/mariah-ruell,Team Member,Mariah Ruell
https://www.stagesenior.com/team/marnie-mckissack,Team Member,Marnie McKissack
https://www.stagesenior.com/team/matt-turk,Team Member,Matt Turk
https://www.stagesenior.com/team/natasha-barba,Team Member,Natasha Barba
https://www.stagesenior.com/team/rich-thomas,Team Member,Rich Thomas
https://www.stagesenior.com/team/sarah-stevenson,Team Member,Sarah Stevenson
https://www.stagesenior.com/team/shellie-yushka,Team Member,Shellie Yushka
https://www.stagesenior.com/team/sydney-hertz,Team Member,Sydney Hertz
https://www.stagesenior.com/team/trevor-harwood,Team Member,Trevor Harwood
https://www.stagesenior.com/team/troy-mcclymonds,Team Member,Troy McClymonds
https://www.stagesenior.com/terms,Static,Terms of Service
https://www.stagesenior.com/tour-scheduled,Static,Tour Scheduled Success
https://www.stagesenior.com/virtual-tour-and-floorplans,Static,Virtual Tours & Floor Plans
https://www.stagesenior.com/why-stage-senior,Static,Why Stage Senior